,novelty_judge,coherence_judge,fidelity_judge,novelty_auto_combined,nli_entailment,coherence_auto,value_auto,creativity_auto
novelty_judge,1.0,0.02599504087595787,-0.33968650915484166,0.2145777029448613,-0.03185477303107024,-0.24629210735448318,-0.14664812579656067,0.04031220248143166
coherence_judge,0.02599504087595787,1.0,0.8290544079428971,-0.05619311570208994,0.32684717180985146,-0.22299052831782137,0.2047235815642856,0.14335638633795314
fidelity_judge,-0.33968650915484166,0.8290544079428971,1.0,-0.14106235487656177,0.2674964125889287,-0.10871537892524837,0.2024261272399486,0.0687844879297077
novelty_auto_combined,0.2145777029448613,-0.05619311570208994,-0.14106235487656177,1.0,0.06733563759712696,-0.4274311761135953,-0.17442717142969863,0.5868922810037143
nli_entailment,-0.03185477303107024,0.32684717180985146,0.2674964125889287,0.06733563759712696,1.0,-0.26759296788936887,0.8393929481338456,0.7275151469403275
coherence_auto,-0.24629210735448318,-0.22299052831782137,-0.10871537892524837,-0.4274311761135953,-0.26759296788936887,1.0,0.2990881520243183,-0.06651705707920093
value_auto,-0.14664812579656067,0.2047235815642856,0.2024261272399486,-0.17442717142969863,0.8393929481338456,0.2990881520243183,1.0,0.6829661872051336
creativity_auto,0.04031220248143166,0.14335638633795314,0.0687844879297077,0.5868922810037143,0.7275151469403275,-0.06651705707920093,0.6829661872051336,1.0
