tau_quantile,tau_nli_entailment,tau_coherence_auto,n_rows,n_sources,collapse_rate
0.5,0.8424723446369171,0.7965389632717867,1440,60,0.16458333333333333
