cov_struct,param,coef,pvalue
exchangeable,Intercept,5.202953536402657,0.15623229384373838
exchangeable,d,-50.48068147110494,0.007212739374780901
exchangeable,d2,53.26929221316926,0.0032419572710807505
