,novelty_judge,coherence_judge,fidelity_judge,novelty_auto_combined,nli_entailment,coherence_auto,value_auto,creativity_auto
novelty_judge,1.0,-0.38852962284842596,-0.7329645253453347,0.44471708628424134,-0.16662046831913344,-0.35874419597241797,-0.3766037820277627,0.16281553322847525
coherence_judge,-0.38852962284842596,1.0,0.6174392461684671,-0.2117655454448448,0.18035837318318546,0.19076172169684344,0.2927422696553941,-0.006588559814769427
fidelity_judge,-0.7329645253453347,0.6174392461684671,1.0,-0.4090962512895903,0.13433419709122485,0.2133136985876759,0.25947166112953013,-0.20812037029136055
novelty_auto_combined,0.44471708628424134,-0.2117655454448448,-0.4090962512895903,1.0,0.18850133088650503,-0.39170582831385226,-0.062401469642472125,0.835809126113061
nli_entailment,-0.16662046831913344,0.18035837318318546,0.13433419709122485,0.18850133088650503,1.0,-0.3393015833101796,0.7935906298232398,0.5711852089170049
coherence_auto,-0.35874419597241797,0.19076172169684344,0.2133136985876759,-0.39170582831385226,-0.3393015833101796,1.0,0.30309069718473086,-0.16365248900654383
value_auto,-0.3766037820277627,0.2927422696553941,0.25947166112953013,-0.062401469642472125,0.7935906298232398,0.30309069718473086,1.0,0.4727899540755398
creativity_auto,0.16281553322847525,-0.006588559814769427,-0.20812037029136055,0.835809126113061,0.5711852089170049,-0.16365248900654383,0.4727899540755398,1.0
